div,odds_band,n_bets,n_matches,wins,total_profit,mean_odds,median_odds,mean_raw_implied_probability,mean_predicted_probability,roi,win_rate,calibration_gap,sparse,roi_ci_low,roi_ci_high,win_rate_ci_low,win_rate_ci_high,predicted_ci_low,predicted_ci_high,gap_ci_low,gap_ci_high
D1,"[1.00, 1.50)",459,459,341,-22.11,1.2911764705882351,1.3,0.780943799004703,0.7386848226162251,-0.048169934640522875,0.7429193899782135,0.004234567361988351,False,-0.1016685483870968,0.0024323511147909304,0.7030891600626504,0.781055856270874,0.7323744561956445,0.7449280362427918,-0.03597298563861018,0.04290962146620945
D1,"[1.50, 2.00)",773,773,422,-53.660000000000004,1.7276843467011642,1.73,0.5829068780822252,0.5519769522692421,-0.06941785252263907,0.5459249676584734,-0.006051984610768724,False,-0.1270459130177657,-0.009213644484798842,0.5112844819933895,0.5808550173117243,0.5487665680941382,0.5551477104345515,-0.04007552531286059,0.02852633749331594
D1,"[2.00, 3.00)",1305,910,502,-105.43,2.4239463601532565,2.4,0.4180484876291349,0.39593485461227584,-0.08078927203065135,0.3846743295019157,-0.011260525110360131,False,-0.13099073701075753,-0.029269206682300437,0.3631340345808316,0.4072413052812366,0.3934391417633812,0.3984520187405863,-0.03291771872378011,0.011164147835670815
D1,"[3.00, 5.00)",2793,1742,745,-13.66,3.7759255281059794,3.75,0.2687350500164347,0.25445905740383007,-0.004890798424633011,0.26673827425707125,0.012279216853241182,False,-0.05982994820757587,0.04860185430747876,0.25196850393700787,0.2806522635703182,0.2530541242085487,0.2557708875334315,-0.002250185613645604,0.026081902897452228
D1,"[5.00, 10.00)",871,660,113,-167.25,6.445177956371986,6.0,0.1607393111401011,0.15214462024497083,-0.1920206659012629,0.12973593570608496,-0.022408684538885865,False,-0.32832441322589706,-0.058059111066317344,0.10866628984381502,0.15057505070993915,0.150529206307395,0.15386365000233332,-0.0434502850112883,-0.0014715416591042601
D1,"[10.00, inf)",225,188,19,40.0,14.035555555555556,13.0,0.07670317093056549,0.07265949103885078,0.17777777777777778,0.08444444444444445,0.01178495340559367,False,-0.32566823899371067,0.7183615913490419,0.049773755656108594,0.12121212121212122,0.07079277982698125,0.07459516677250654,-0.02369980788104469,0.04824751136168795
E0,"[1.00, 1.50)",613,613,449,-32.1,1.3047308319738988,1.33,0.7720027150080969,0.7311588820830746,-0.05236541598694943,0.732463295269168,0.0013044131860934227,False,-0.09811889640183553,-0.006956479451284642,0.6976312315466727,0.7675221008840354,0.7260368449309488,0.736474937718263,-0.032467270625659246,0.03523480560935227
E0,"[1.50, 2.00)",996,996,567,-27.14,1.7229718875502007,1.72,0.584253648919415,0.5538095237223787,-0.027248995983935743,0.5692771084337349,0.01546758471135623,False,-0.0808422731787083,0.023349160451999466,0.538298428521587,0.5989810635792778,0.5509547656519229,0.5566321377134316,-0.0156388288553406,0.044655979554417614
E0,"[2.00, 3.00)",1420,1051,555,-93.92,2.421288732394366,2.4,0.418507356003702,0.3970483196949254,-0.06614084507042253,0.3908450704225352,-0.006203249272390188,False,-0.11516775203502044,-0.017757715082901852,0.369475138121547,0.4116050890644724,0.39449681358548466,0.3996200687326223,-0.027156908543206595,0.014663004341345575
E0,"[3.00, 5.00)",3447,2181,890,-172.14,3.73503046127067,3.6,0.27182665515226806,0.2577903107534547,-0.0499390774586597,0.2581955323469684,0.0004052215935136938,False,-0.09420894095115952,-0.002534523031599659,0.24605174156192403,0.2707378129895737,0.25665504371489267,0.259039004525107,-0.011717663084344625,0.012870140399097837
E0,"[5.00, 10.00)",1236,995,181,-104.0,6.442556634304207,6.0,0.16084364334355405,0.15240505724023493,-0.08414239482200647,0.1464401294498382,-0.005964927790396729,False,-0.20470502593320744,0.03806575196008541,0.12795882605561434,0.1650298384543469,0.15117414200549115,0.15370556239368624,-0.02437418950972793,0.012697072680204513
E0,"[10.00, inf)",268,238,18,-36.0,13.988805970149254,13.0,0.07645802266642295,0.07246587228620655,-0.13432835820895522,0.06716417910447761,-0.005301693181728934,False,-0.5042772703290905,0.28891922639362894,0.039471094073767095,0.099644128113879,0.07074479420239484,0.07429110300204181,-0.032965093994177554,0.027192373231692664
F1,"[1.00, 1.50)",414,414,307,-10.299999999999999,1.3231884057971013,1.33,0.7607827563615993,0.7189118907521966,-0.024879227053140093,0.7415458937198067,0.02263400296761009,False,-0.08093567909422526,0.02967411569913539,0.6989129531094114,0.7818699822448664,0.7128835324502241,0.724326093214601,-0.019175769544948897,0.06278337987618576
F1,"[1.50, 2.00)",871,871,479,-43.8,1.737141216991963,1.75,0.5795137681392599,0.5485035662168093,-0.05028702640642939,0.5499425947187141,0.0014390285019048044,False,-0.1041827030033372,0.007883405466970316,0.5197195596074173,0.5842085896591047,0.5455186276769229,0.5515276968196638,-0.029064745080135398,0.03559895589053895
F1,"[2.00, 3.00)",1374,1051,544,-79.51,2.4145924308588063,2.38,0.41975104412469844,0.3975726448476761,-0.05786754002911208,0.39592430858806404,-0.001648336259612082,False,-0.10826713833894674,-0.0026694249991586717,0.37367500124686204,0.4190675802760277,0.3949615809785556,0.4003738134407647,-0.023329041626963407,0.02131195224465489
F1,"[3.00, 5.00)",3281,2033,864,-167.76,3.662453520268211,3.6,0.2772611976405858,0.262548219708818,-0.051130752819262416,0.26333434928375493,0.0007861295749369557,False,-0.09705271234372526,-0.004507701084693159,0.25084322230532713,0.2757893492639863,0.26134318656501293,0.26373635366639764,-0.01165339035838328,0.013495094757538554
F1,"[5.00, 10.00)",920,753,133,-103.5,6.348913043478261,6.0,0.16296808891091286,0.15419181517447145,-0.1125,0.14456521739130435,-0.009626597783167101,False,-0.24648937898949766,0.028327905900775743,0.12302797301049406,0.1665008007074263,0.15276141120729175,0.15565600277038605,-0.031215577095094618,0.012391711466053976
F1,"[10.00, inf)",148,133,9,-42.0,13.493243243243244,12.0,0.07924988841927819,0.07487755545876525,-0.28378378378378377,0.060810810810810814,-0.014066744647954432,True,-0.6967869388192436,0.19718773165307632,0.02531645569620253,0.10204081632653061,0.07238755898887532,0.07753821873180221,-0.0494845672669012,0.026900205033140775
I1,"[1.00, 1.50)",555,555,413,-6.519999999999997,1.3328288288288288,1.33,0.7541657408801805,0.7129458639082783,-0.011747747747747742,0.7441441441441441,0.031198280235865794,False,-0.06224129870129879,0.03267589973192445,0.7072650693070656,0.7771971201588878,0.708812901006557,0.7174200574809124,-0.005657369973593174,0.0650148442552081
I1,"[1.50, 2.00)",983,983,566,-16.92,1.715320447609359,1.7,0.5868100600751167,0.5555928688209122,-0.017212614445574773,0.5757884028484231,0.020195534027510953,False,-0.07074234375000013,0.036557588493686115,0.5443526075809697,0.6065247906953426,0.5527364180933017,0.5584303714020488,-0.010886952702509408,0.05089147187973462
I1,"[2.00, 3.00)",1523,1124,607,-63.77,2.4470387393302695,2.4,0.414556738315735,0.39261506571894095,-0.041871306631648064,0.3985554826001313,0.005940416881190347,False,-0.09246408876281752,0.007130550699459747,0.3765551346128002,0.41997358600181184,0.38983037558903805,0.3953061405827965,-0.01572093267510254,0.026826231932283805
I1,"[3.00, 5.00)",3510,2280,893,-293.18,3.6825868945868945,3.6,0.27620988205744984,0.26158255974672134,-0.08352706552706553,0.25441595441595444,-0.007166605330766906,False,-0.13005154304706634,-0.036748194922658066,0.24157213188082552,0.2671654812557349,0.2603373513648658,0.2627811996409045,-0.02004239583353384,0.005615117532425613
I1,"[5.00, 10.00)",1230,1043,169,-204.25,6.417073170731707,6.0,0.16160486640496097,0.15293916401362603,-0.16605691056910568,0.13739837398373983,-0.015540790029886203,False,-0.2729671250707804,-0.04805228881472669,0.12009478308231505,0.15590658784211459,0.15170265699305716,0.15421163184739747,-0.033207029010700606,0.00302782740871902
I1,"[10.00, inf)",179,176,12,-33.0,12.675977653631286,12.0,0.08239351685803045,0.07790253599022275,-0.18435754189944134,0.0670391061452514,-0.01086342984497135,True,-0.601116594178655,0.2849081237911022,0.03332938388625593,0.1044100236779794,0.07578521280233158,0.07990578571227135,-0.04538761587268837,0.02710361370327525
SP1,"[1.00, 1.50)",466,466,358,6.080000000000002,1.3229184549356223,1.33,0.760468665408343,0.7192111826187638,0.013047210300429189,0.7682403433476395,0.04902916072887564,False,-0.03795362730198479,0.06303958349053024,0.7303609341825902,0.8060378057116816,0.7142957296006157,0.7245089204510942,0.01093000644598659,0.08679424052545841
SP1,"[1.50, 2.00)",935,935,538,-10.559999999999999,1.729818181818182,1.73,0.5816768858239572,0.5508234674262159,-0.011294117647058823,0.5754010695187166,0.024577602092500705,False,-0.06505015027402912,0.044806760559251924,0.5442329227323628,0.6076602875798833,0.5478186372843658,0.5538902394657795,-0.006230501138704447,0.056515041828195924
SP1,"[2.00, 3.00)",1748,1261,688,-77.94,2.4719908466819223,2.45,0.410421207085666,0.38895542140063816,-0.044588100686498856,0.39359267734553777,0.00463725594489961,False,-0.0890572906104897,0.002021508173502171,0.3752160889536979,0.41403282218746146,0.3866135288938507,0.3916667894671015,-0.013481223810937186,0.024546330607498477
SP1,"[3.00, 5.00)",3572,2320,922,-310.75,3.621654535274356,3.5,0.28097180202028,0.26621155817481573,-0.08699608062709967,0.25811870100783874,-0.008092857166976997,False,-0.13505445193538526,-0.04452744017407856,0.24465655394175087,0.26958161879872106,0.26497874018265255,0.2673809950644463,-0.0213434695263304,0.0035561206118373467
SP1,"[5.00, 10.00)",1082,933,142,-215.3,6.4117837338262476,6.0,0.16160535572808674,0.15298943508300317,-0.1989833641404806,0.13123844731977818,-0.021750987763224983,False,-0.3281053836735655,-0.07833081614159411,0.11013005079779946,0.15046068856663708,0.15150906125101432,0.15440053254475072,-0.04228064323914285,-0.0027309163766131837
SP1,"[10.00, inf)",177,168,12,-6.0,13.211864406779661,12.0,0.08046152109956121,0.07622212252868608,-0.03389830508474576,0.06779661016949153,-0.008425512359194559,True,-0.5205308529945554,0.5646745645582103,0.034822275903718405,0.10734463276836158,0.07396482955846187,0.07845159445837738,-0.04165245071904551,0.03093396672254361
