selection_type,odds_band,n_bets,n_matches,wins,total_profit,mean_odds,median_odds,mean_raw_implied_probability,mean_predicted_probability,roi,win_rate,calibration_gap,sparse,roi_ci_low,roi_ci_high,win_rate_ci_low,win_rate_ci_high,predicted_ci_low,predicted_ci_high,gap_ci_low,gap_ci_high
H,"[1.00, 1.50)",1909,1909,1433,-48.16,1.3058040859088529,1.33,0.7713168784125204,0.7295562471152216,-0.025227867993713984,0.750654793085385,0.021098545970163363,False,-0.05061600725827865,0.0017680383385135661,0.7309311496139853,0.7709096162736938,0.726697309135513,0.7324293907283744,0.0019120846233662975,0.041101580463686616
H,"[1.50, 2.00)",3005,3005,1669,-151.05,1.7239134775374374,1.72,0.584027455944641,0.5531565939383728,-0.05026622296173045,0.5554076539101498,0.002251059971776992,False,-0.08034288184125199,-0.020788241732496725,0.5379336357422482,0.5727160479120119,0.5515414840111174,0.5548057666782464,-0.01511825804715175,0.0190843697235995
H,"[2.00, 3.00)",3929,3929,1538,-305.29,2.392107406464749,2.37,0.42343722888045227,0.4012752184063645,-0.07770170526851616,0.3914482056502927,-0.009827012756071785,False,-0.11347956258189025,-0.04268592300727242,0.37640949935815143,0.40609029762036364,0.39982881501931167,0.402720390983524,-0.024889105719647885,0.004656348984665584
H,"[3.00, 5.00)",2422,2422,584,-309.99,3.6812427745664738,3.6,0.277078613032107,0.2625354488870985,-0.12798926507018993,0.24112303881090008,-0.02141241007619843,False,-0.19202793902545495,-0.06540234132983513,0.22392757915135542,0.2585301632019632,0.261190365137458,0.26400684152898246,-0.03873465160253569,-0.004459451810363395
H,"[5.00, 10.00)",1048,1048,133,-227.0,6.423425572519084,6.0,0.16119098504071347,0.1526103520091046,-0.21660305343511452,0.1269083969465649,-0.025701955062539722,False,-0.33886883726451705,-0.07993579083518114,0.10748364967654794,0.14858896542317396,0.15102768420946297,0.15417249897709367,-0.045234158740824454,-0.0035882600191963106
H,"[10.00, inf)",145,145,10,-11.0,12.255172413793103,12.0,0.08427384870637315,0.07975828819932505,-0.07586206896551724,0.06896551724137931,-0.010792770957945744,True,-0.615625,0.5486555232558138,0.028985507246376812,0.115109003706126,0.07766049171748529,0.081813557059575,-0.05073417012782074,0.03511997530384513
D,"[1.00, 1.50)",0,0,0,0.0,,,,,,,,True,,,,,,,,
D,"[1.50, 2.00)",0,0,0,0.0,,,,,,,,True,,,,,,,,
D,"[2.00, 3.00)",332,332,112,-11.990000000000006,2.857771084337349,2.9,0.35026381118609323,0.33107290559001584,-0.03611445783132532,0.3373493975903614,0.006276492000345579,False,-0.1823137160295474,0.10781760974335132,0.2857045807453416,0.3878877005347593,0.32995235365451026,0.3322868913476999,-0.045260630693901946,0.05679212240663886
D,"[3.00, 5.00)",10289,10289,2758,-331.53,3.6707036641072994,3.6,0.27621923849328206,0.26166180793697247,-0.032221790261444255,0.26805326076392266,0.006391452826950195,False,-0.06312174241792558,-0.0015619257128066649,0.2595294618178299,0.276585820748173,0.2610779692839939,0.2622569024006398,-0.002045752432481719,0.014849245319055725
D,"[5.00, 10.00)",1743,1743,267,-155.75,6.123264486517499,5.75,0.16813416556235725,0.15914664638127204,-0.0893574297188755,0.153184165232358,-0.0059624811489140395,False,-0.1985928686002204,0.015332080973815339,0.13544441604820784,0.1702377096385407,0.15799121864833937,0.16033268111927176,-0.023744084265674873,0.01076568794368345
D,"[10.00, inf)",94,94,8,-7.0,11.393617021276595,11.0,0.08944212639127336,0.08477608040107083,-0.07446808510638298,0.0851063829787234,0.0003303025776525692,True,-0.6323367571533383,0.5662836914668985,0.033707865168539325,0.14285714285714285,0.08250684396093863,0.0869439939594275,-0.05103282035532303,0.05815919831202447
A,"[1.00, 1.50)",598,598,435,-16.79,1.3439297658862877,1.36,0.7477448036055364,0.707359098487729,-0.028076923076923076,0.7274247491638796,0.020065650676150515,False,-0.07599115158672673,0.01750926012461054,0.6923045602605863,0.7624167203954438,0.7032374262999511,0.7114096205748253,-0.015127486472704399,0.054437646498152505
A,"[1.50, 2.00)",1553,1553,903,-1.0300000000000007,1.730721184803606,1.73,0.581429372386469,0.5505159325280827,-0.0006632324533161627,0.5814552479072762,0.030939315379193477,False,-0.04270624655115336,0.04443924401088731,0.5573029838569142,0.6078048907838702,0.5482794558992516,0.5525996828482815,0.006997526806988627,0.05702276975342896
A,"[2.00, 3.00)",3109,3109,1246,-103.29,2.450833065294307,2.45,0.41344013553044134,0.3917943702734938,-0.03322290125442265,0.4007719523962689,0.008977582122775107,False,-0.07567253029609734,0.0068999825806870755,0.38331684174167463,0.417025060211413,0.3901684822191982,0.39340632819749166,-0.008406718500920306,0.025031960845389153
A,"[3.00, 5.00)",3892,3892,972,-315.96999999999997,3.7553725590955804,3.7,0.2716550055707808,0.25737187276568846,-0.08118448098663925,0.249743062692703,-0.007628810072985465,False,-0.13278891270331722,-0.027119544941402264,0.23587998556295767,0.2642938769479058,0.25618633045769473,0.25847044495992594,-0.02133929390634079,0.006989052922082838
A,"[5.00, 10.00)",2548,2548,338,-411.55,6.610557299843014,6.5,0.1571359115587661,0.1487710250750723,-0.1615188383045526,0.1326530612244898,-0.016117963850582506,False,-0.2478946882387707,-0.07492459851155507,0.11937968118247498,0.14600628951113492,0.14765559472827272,0.14983866323337233,-0.029549431564464324,-0.00279910557186574
A,"[10.00, inf)",758,758,52,-59.0,14.067941952506596,13.0,0.07630713433909991,0.07223361971974479,-0.07783641160949868,0.06860158311345646,-0.0036320366062883302,False,-0.3191186462902918,0.18784090909090906,0.050954374615422994,0.08672226701605858,0.07102347265039029,0.07340626746400139,-0.021380350661516005,0.014376360757472175
