season,odds_band,n_bets,n_matches,wins,total_profit,mean_odds,median_odds,mean_raw_implied_probability,mean_predicted_probability,roi,win_rate,calibration_gap,sparse,roi_ci_low,roi_ci_high,win_rate_ci_low,win_rate_ci_high,predicted_ci_low,predicted_ci_high,gap_ci_low,gap_ci_high
2019_20,"[1.00, 1.50)",371,371,277,-14.299999999999997,1.2944743935309972,1.3,0.7783369000253956,0.7361227547690635,-0.03854447439353099,0.7466307277628033,0.010507972993739734,False,-0.09895944980721763,0.01716625340937264,0.7017971123510166,0.789776308250573,0.7297855412394552,0.7427675483699728,-0.03426136707116412,0.052750923331898014
2019_20,"[1.50, 2.00)",610,610,336,-34.67,1.7219672131147543,1.72,0.5846502415094021,0.5534839716823382,-0.056836065573770495,0.5508196721311476,-0.0026642995511906298,False,-0.12452580019551136,0.009339288527275837,0.5107337488578515,0.5891357233959191,0.5498507933405492,0.5570928463851313,-0.04210983156569989,0.03576376072461173
2019_20,"[2.00, 3.00)",1011,744,398,-54.519999999999996,2.436597428288823,2.4,0.41619209388900147,0.39461158243678246,-0.05392680514342235,0.3936696340257171,-0.0009419484110653742,False,-0.11292029750070147,0.0066616752297869375,0.36857779237142685,0.4192917515126124,0.3913034660400441,0.3980287728486141,-0.025383702436461403,0.024386372114144586
2019_20,"[3.00, 5.00)",2264,1435,600,-78.80999999999999,3.690569787985866,3.6,0.2754561655493069,0.2610118512684107,-0.034810070671378084,0.26501766784452296,0.004005816576112264,False,-0.09396125466971465,0.024238125925955364,0.2494441228834034,0.2809655823042362,0.2594423879314521,0.2625139978540708,-0.011403474692636927,0.019769351252756046
2019_20,"[5.00, 10.00)",739,608,99,-105.25,6.4983085250338295,6.0,0.1595277342316776,0.15097076825695988,-0.14242219215155616,0.13396481732070364,-0.01700595093625623,False,-0.28359370854383537,0.01640448332669353,0.11157519713028236,0.1576764883515451,0.14935233195209055,0.15263264804385845,-0.039117905924294386,0.0068472503228435445
2019_20,"[10.00, inf)",180,156,15,34.0,14.6,13.0,0.07525288260179623,0.07123720220716041,0.18888888888888888,0.08333333333333333,0.012096131126172915,True,-0.3772008728975942,0.8516483516483516,0.04458244869072894,0.1271731526821545,0.06884107987198956,0.07354250367037433,-0.02607971996477068,0.05514247146227305
2020_21,"[1.00, 1.50)",392,392,285,-17.56,1.3157142857142856,1.33,0.7649968870757757,0.7225338086226177,-0.044795918367346935,0.7270408163265306,0.00450700770391288,False,-0.10208780059223597,0.012809889964205226,0.6835106382978723,0.7700195214105793,0.716691499508186,0.7284602453207424,-0.03893709651473889,0.048498068579302535
2020_21,"[1.50, 2.00)",645,645,375,-6.210000000000001,1.7198294573643411,1.72,0.5852132935586103,0.5535381616840961,-0.009627906976744188,0.5813953488372093,0.02785718715311325,False,-0.0762576629333831,0.05380902245635116,0.5423993220338983,0.6177416911891985,0.5501090296844209,0.5569792089983833,-0.01066728875859083,0.0642019405317677
2020_21,"[2.00, 3.00)",1073,788,413,-76.11999999999999,2.432488350419385,2.4,0.41701059231667953,0.39481285727882715,-0.0709412861136999,0.3849021435228332,-0.00991071375599395,False,-0.12890129933116445,-0.013292540372359683,0.36054946738523097,0.4105790350444225,0.3918802552437802,0.39813392235514405,-0.03411405027392742,0.01496842752014919
2020_21,"[3.00, 5.00)",2426,1550,625,-158.43,3.7017889530090686,3.6,0.2746131532109943,0.2599014883431187,-0.0653050288540808,0.2576257213520198,-0.0022757669910989375,False,-0.11887722793614303,-0.00849279022739225,0.24317344629795296,0.27309920960454187,0.25846379470813946,0.2613653254703326,-0.016661010017794645,0.012994814593457181
2020_21,"[5.00, 10.00)",785,660,107,-113.3,6.4650318471337584,6.0,0.1603572363816991,0.15156145220069916,-0.1443312101910828,0.13630573248407643,-0.015255719716622734,False,-0.293455376344086,0.0076913360611989,0.11308200515596287,0.15923983310991421,0.1499653342375203,0.15332820658477206,-0.03854100873547895,0.007605564850392377
2020_21,"[10.00, inf)",154,143,20,90.0,13.279220779220779,12.0,0.07972948931037233,0.0753486115295811,0.5844155844155844,0.12987012987012986,0.05452151834054876,True,-0.031075681449539105,1.2685758928571427,0.07974937255995539,0.1844050684374576,0.07320934156591882,0.07761256031885788,0.004871578852365502,0.10919262750737709
2021_22,"[1.00, 1.50)",399,399,289,-21.06,1.3152130325814535,1.33,0.7655459468521447,0.7237586733936439,-0.05278195488721804,0.7243107769423559,0.0005521035487120463,False,-0.1145931472035903,0.00563124936482599,0.6780053168226517,0.767569722341932,0.7173903645034474,0.7300582218381222,-0.045843000276572635,0.04406475692793484
2021_22,"[1.50, 2.00)",657,657,366,-33.17,1.7226940639269406,1.72,0.5844626292222566,0.5532527695483704,-0.05048706240487063,0.5570776255707762,0.003824856022405787,False,-0.11494777137659198,0.011943861865502076,0.5195917615728937,0.5934238925443192,0.5496731157521306,0.5567956669566706,-0.03303495935472062,0.03951579223598294
2021_22,"[2.00, 3.00)",1038,770,404,-72.2,2.4240558766859346,2.4,0.41834580488956163,0.39633787209674526,-0.06955684007707129,0.3892100192678227,-0.007127852828922532,False,-0.13021706955952272,-0.009059144768546103,0.36320473944294696,0.41522239639463115,0.393216445625833,0.39955842422074445,-0.03277470459879783,0.018446738545631218
2021_22,"[3.00, 5.00)",2410,1545,637,-93.94,3.694954356846473,3.6,0.2748939169401721,0.26030839058777305,-0.038979253112033194,0.26431535269709544,0.004006962109322387,False,-0.09557583394435938,0.017888500581451607,0.2493850677454499,0.2795589030397693,0.25890878928720845,0.26166614661359666,-0.011010346415798638,0.019419808211070925
2021_22,"[5.00, 10.00)",818,679,117,-93.25,6.496332518337408,6.0,0.1597286721913087,0.1511508314367747,-0.11399755501222494,0.1430317848410758,-0.008119046595698926,False,-0.2587255919140147,0.029361050927621035,0.11989169408317482,0.16625938805114585,0.14967516283601762,0.15267744781226256,-0.03152824134872337,0.014953812019267891
2021_22,"[10.00, inf)",156,144,13,20.0,13.852564102564102,13.0,0.07687073222789974,0.0727558144514123,0.1282051282051282,0.08333333333333333,0.01057751888192103,True,-0.45569835529148367,0.7823593350383631,0.042163408880276344,0.12988424618859393,0.07038432965660625,0.07518812450322675,-0.03074281182693861,0.05724655317914354
2022_23,"[1.00, 1.50)",321,321,239,-9.26,1.3124922118380062,1.33,0.7667383176944084,0.725769465288043,-0.028847352024922116,0.7445482866043613,0.01877882131631836,False,-0.093979651848938,0.03193673563777994,0.6941868360695317,0.7907029598308667,0.7194753576141742,0.7324905988119298,-0.029961890713540534,0.06419199690556145
2022_23,"[1.50, 2.00)",677,677,392,-6.889999999999998,1.7179911373707533,1.7,0.5859560748817396,0.555482290070473,-0.010177252584933526,0.5790251107828656,0.023542820712392554,False,-0.07317268923945922,0.05524220876721765,0.5421095654371225,0.6172857067593909,0.5519014340665771,0.5588804402396308,-0.012948300158717108,0.0611180120789788
2022_23,"[2.00, 3.00)",1120,828,440,-67.15,2.4336607142857143,2.4,0.41657449080153525,0.39493931142124317,-0.05995535714285715,0.39285714285714285,-0.0020821685641003174,False,-0.11834566365297644,-0.0017658324606732126,0.3679155071150851,0.41769967514282513,0.3918717186710376,0.39800651059350195,-0.02717737726734597,0.022992715342660047
2022_23,"[3.00, 5.00)",2461,1567,635,-173.04999999999998,3.670621698496546,3.6,0.27670869320278624,0.2623264921881639,-0.07031694433157253,0.25802519301097115,-0.004301299177192741,False,-0.1252156373094416,-0.016132023946472472,0.24323122234956315,0.2728039035381545,0.2609822990663208,0.26375731602274455,-0.01937443847537139,0.010681323982194464
2022_23,"[5.00, 10.00)",766,634,114,-65.5,6.303524804177545,6.0,0.1640301896812618,0.15543058378948166,-0.08550913838120104,0.14882506527415143,-0.006605518515330228,False,-0.24077855584718072,0.07287271600083169,0.12419125045447243,0.17375069282003586,0.15380453695490595,0.15694610456299765,-0.031190227995795152,0.019037920170435967
2022_23,"[10.00, inf)",133,121,6,-56.0,13.345864661654135,12.0,0.07929137182540578,0.07510630086632558,-0.42105263157894735,0.045112781954887216,-0.029993518911438366,True,-0.8230882352941176,0.10956872622596853,0.014703198797767282,0.08404544916558167,0.0725972715325901,0.07754168062044647,-0.060467231089663696,0.008860792118446013
2023_24,"[1.00, 1.50)",329,329,253,1.7200000000000009,1.3138905775075986,1.33,0.7660853549903452,0.7257811502948243,0.005227963525835869,0.7689969604863222,0.043215810191497894,False,-0.05725724540812262,0.06494636936339498,0.720125786163522,0.8139617940199335,0.719196170313583,0.7325327323071292,-0.0038611578775924267,0.08814794566475116
2023_24,"[1.50, 2.00)",678,678,398,4.050000000000001,1.7262241887905607,1.7149999999999999,0.5831243817978197,0.5533455391579994,0.005973451327433629,0.5870206489675516,0.03367510980955213,False,-0.05941621038164429,0.06941358872608872,0.5487757091520759,0.6246418333219576,0.550009052442909,0.5567779689046091,-0.0038862316949217187,0.07051604919655698
2023_24,"[2.00, 3.00)",1017,745,401,-59.13000000000001,2.433844641101278,2.4,0.41639854740836457,0.3949528918760533,-0.05814159292035399,0.3942969518190757,-0.0006559400569776108,False,-0.11599606295090989,-0.0008910110110111019,0.3697998466872866,0.419325248355051,0.39199436144835503,0.3981837899970778,-0.025753758788111692,0.024323387411258814
2023_24,"[3.00, 5.00)",2346,1476,599,-170.84,3.7098721227621487,3.6,0.27391811996931337,0.25986246796561197,-0.07282182438192669,0.2553282182438193,-0.004534249721792671,False,-0.12933973070115612,-0.01757593090672437,0.240050921450176,0.2702595561572043,0.2583746399117526,0.26135135783511265,-0.019717541372461917,0.010417553426965901
2023_24,"[5.00, 10.00)",755,599,96,-177.25,6.331788079470199,6.0,0.16313540406761085,0.15471637453166506,-0.2347682119205298,0.1271523178807947,-0.02756405665087036,False,-0.36965590558630146,-0.08734531918957206,0.10475427775567052,0.15078339796670795,0.15312334570842545,0.15638043769425136,-0.0499796143859432,-0.004307730761155422
2023_24,"[10.00, inf)",131,115,5,-66.0,13.183206106870228,12.0,0.07991890754008266,0.07583528509313096,-0.5038167938931297,0.03816793893129771,-0.03766734616183325,True,-0.9112903225806451,-0.016116431451612973,0.00819505531120885,0.06925781249999986,0.07334564434006907,0.07838299499244845,-0.06764151636729654,-0.0062137800718770975
2024_25,"[1.00, 1.50)",386,386,293,-1.2099999999999982,1.324818652849741,1.33,0.7598625300710458,0.7187845836232432,-0.003134715025906731,0.7590673575129534,0.040282773889710244,False,-0.06183752966345481,0.054290469445568486,0.7158435877519317,0.8025641025641026,0.7125937702281129,0.7246447985107706,-0.0036872739320200133,0.08293766563400436
2024_25,"[1.50, 2.00)",647,647,357,-28.61,1.7376506955177744,1.73,0.5791147851420799,0.5482648763448911,-0.044219474497681606,0.5517774343122102,0.0035125579673190854,False,-0.1095405346957533,0.023445214296531847,0.5148922233652672,0.589443056369987,0.5449581359718413,0.5517524053785906,-0.033523851286510656,0.042226486182405654
2024_25,"[2.00, 3.00)",989,722,389,-53.42,2.445500505561173,2.4,0.4144529170139261,0.3926156394396296,-0.05401415571284125,0.39332659251769464,0.0007109530780650131,False,-0.11159946614164303,0.006776142624369837,0.36857865764161446,0.41925937112467926,0.3894068807237983,0.3956867590089296,-0.02386146300738341,0.026294320851977103
2024_25,"[3.00, 5.00)",2290,1468,597,-118.63999999999999,3.691908296943231,3.6,0.27541006020517206,0.26083193413389094,-0.051807860262008724,0.2606986899563319,-0.00013324417755905538,False,-0.11018964387377272,0.003667073264547076,0.2447464923873151,0.2753752151640497,0.25933937063322665,0.26228626280927614,-0.015595846059304133,0.01467699614981279
2024_25,"[5.00, 10.00)",810,657,108,-169.25,6.417283950617284,6.0,0.1618497679584985,0.1531709148413143,-0.20895061728395062,0.13333333333333333,-0.019837581507980956,False,-0.34644136784701607,-0.07101794345408251,0.11155497141690486,0.15676729017133914,0.15146207123865074,0.15490639732010697,-0.041556291954958996,0.003045090430039074
2024_25,"[10.00, inf)",134,125,8,-29.0,13.238805970149254,12.0,0.07999336113058525,0.07575625471951565,-0.21641791044776118,0.05970149253731343,-0.01605476218220222,True,-0.7232589285714286,0.36062152133580666,0.022222222222222223,0.10236725217040175,0.0732014157998689,0.07827899354543863,-0.053861778634104206,0.026855103217939612
2025_26,"[1.00, 1.50)",309,309,232,-3.28,1.32915857605178,1.33,0.7573744098036513,0.7165186565441313,-0.010614886731391585,0.7508090614886731,0.03429040494454183,False,-0.07641752408949869,0.05012722668195722,0.7021225450081833,0.7966706349206348,0.7094551336182697,0.7230848500467125,-0.014333933076073158,0.07924334845382873
2025_26,"[1.50, 2.00)",644,644,348,-46.58,1.7375,1.73,0.5793995214658165,0.5482690069459575,-0.07232919254658385,0.5403726708074534,-0.007896336138504045,False,-0.141321073144426,-0.007376792229816522,0.5,0.5783888240473412,0.54490661634106,0.5517100140499924,-0.04754018107809737,0.029427364873800793
2025_26,"[2.00, 3.00)",1122,800,451,-38.03000000000001,2.4579857397504457,2.45,0.4126182118159361,0.39067204169256786,-0.03389483065953655,0.4019607843137255,0.011288742621157644,False,-0.0895601009237085,0.02134863831329714,0.3779849952408204,0.4258472169741987,0.38773035000941025,0.3936803871076307,-0.012205830860739215,0.035087421559637275
2025_26,"[3.00, 5.00)",2406,1515,621,-163.78,3.6856566916043225,3.6,0.2758793755999141,0.2612084323667884,-0.06807148794679967,0.2581047381546135,-0.0031036942121749345,False,-0.12364186724249238,-0.013970541714016597,0.24316050973730316,0.2730637628589299,0.2596613627493049,0.26266720356488865,-0.018003841566961887,0.011787359677284856
2025_26,"[5.00, 10.00)",666,547,97,-70.5,6.381381381381382,6.0,0.162201438629102,0.15356332827183866,-0.10585585585585586,0.14564564564564564,-0.007917682626193023,False,-0.2570106764548136,0.06540756630265199,0.12121212121212122,0.17300770909252008,0.15188345555725577,0.15524396731331286,-0.03248665268685729,0.019865231342727052
2025_26,"[10.00, inf)",109,99,3,-70.0,12.857798165137615,12.0,0.08181781275725043,0.0773926511198909,-0.6422018348623854,0.027522935779816515,-0.04986971534007438,True,-1.0,-0.1941747572815534,0.0,0.06035135841170321,0.07499153701359171,0.08016058381000332,-0.07696377042311273,-0.016385504514709586
