source_code,season,div,source_file,n_matches,schema_columns_present,schema_complete,complete_trio_matches,valid_decimal_matches,valid_market_matches,complete_coverage_pct,valid_decimal_coverage_pct,valid_market_coverage_pct
1XB,2019_20,D1,D7.csv,306,0,False,0,0,0,0.0,0.0,0.0
B365,2019_20,D1,D7.csv,306,3,True,306,306,306,100.0,100.0,100.0
BF,2019_20,D1,D7.csv,306,0,False,0,0,0,0.0,0.0,0.0
BFD,2019_20,D1,D7.csv,306,0,False,0,0,0,0.0,0.0,0.0
BFE,2019_20,D1,D7.csv,306,0,False,0,0,0,0.0,0.0,0.0
BMGM,2019_20,D1,D7.csv,306,0,False,0,0,0,0.0,0.0,0.0
BV,2019_20,D1,D7.csv,306,0,False,0,0,0,0.0,0.0,0.0
BW,2019_20,D1,D7.csv,306,3,True,306,306,306,100.0,100.0,100.0
CL,2019_20,D1,D7.csv,306,0,False,0,0,0,0.0,0.0,0.0
IW,2019_20,D1,D7.csv,306,3,True,297,297,297,97.05882352941177,97.05882352941177,97.05882352941177
LB,2019_20,D1,D7.csv,306,0,False,0,0,0,0.0,0.0,0.0
PS,2019_20,D1,D7.csv,306,3,True,306,306,306,100.0,100.0,100.0
V,2019_20,D1,D7.csv,306,3,True,306,306,306,100.0,100.0,100.0
VC,2019_20,D1,D7.csv,306,3,True,306,306,306,100.0,100.0,100.0
WH,2019_20,D1,D7.csv,306,3,True,306,306,306,100.0,100.0,100.0
1XB,2019_20,E0,E6.csv,380,0,False,0,0,0,0.0,0.0,0.0
B365,2019_20,E0,E6.csv,380,3,True,380,380,380,100.0,100.0,100.0
BF,2019_20,E0,E6.csv,380,0,False,0,0,0,0.0,0.0,0.0
BFD,2019_20,E0,E6.csv,380,0,False,0,0,0,0.0,0.0,0.0
BFE,2019_20,E0,E6.csv,380,0,False,0,0,0,0.0,0.0,0.0
BMGM,2019_20,E0,E6.csv,380,0,False,0,0,0,0.0,0.0,0.0
BV,2019_20,E0,E6.csv,380,0,False,0,0,0,0.0,0.0,0.0
BW,2019_20,E0,E6.csv,380,3,True,380,380,380,100.0,100.0,100.0
CL,2019_20,E0,E6.csv,380,0,False,0,0,0,0.0,0.0,0.0
IW,2019_20,E0,E6.csv,380,3,True,380,380,380,100.0,100.0,100.0
LB,2019_20,E0,E6.csv,380,0,False,0,0,0,0.0,0.0,0.0
PS,2019_20,E0,E6.csv,380,3,True,380,380,380,100.0,100.0,100.0
V,2019_20,E0,E6.csv,380,3,True,380,380,380,100.0,100.0,100.0
VC,2019_20,E0,E6.csv,380,3,True,380,380,380,100.0,100.0,100.0
WH,2019_20,E0,E6.csv,380,3,True,380,380,380,100.0,100.0,100.0
1XB,2019_20,F1,F7.csv,279,0,False,0,0,0,0.0,0.0,0.0
B365,2019_20,F1,F7.csv,279,3,True,279,279,279,100.0,100.0,100.0
BF,2019_20,F1,F7.csv,279,0,False,0,0,0,0.0,0.0,0.0
BFD,2019_20,F1,F7.csv,279,0,False,0,0,0,0.0,0.0,0.0
BFE,2019_20,F1,F7.csv,279,0,False,0,0,0,0.0,0.0,0.0
BMGM,2019_20,F1,F7.csv,279,0,False,0,0,0,0.0,0.0,0.0
BV,2019_20,F1,F7.csv,279,0,False,0,0,0,0.0,0.0,0.0
BW,2019_20,F1,F7.csv,279,3,True,279,279,279,100.0,100.0,100.0
CL,2019_20,F1,F7.csv,279,0,False,0,0,0,0.0,0.0,0.0
IW,2019_20,F1,F7.csv,279,3,True,279,279,279,100.0,100.0,100.0
LB,2019_20,F1,F7.csv,279,0,False,0,0,0,0.0,0.0,0.0
PS,2019_20,F1,F7.csv,279,3,True,279,279,279,100.0,100.0,100.0
V,2019_20,F1,F7.csv,279,3,True,279,279,279,100.0,100.0,100.0
VC,2019_20,F1,F7.csv,279,3,True,279,279,279,100.0,100.0,100.0
WH,2019_20,F1,F7.csv,279,3,True,279,279,279,100.0,100.0,100.0
1XB,2019_20,I1,I7.csv,380,0,False,0,0,0,0.0,0.0,0.0
B365,2019_20,I1,I7.csv,380,3,True,380,380,380,100.0,100.0,100.0
BF,2019_20,I1,I7.csv,380,0,False,0,0,0,0.0,0.0,0.0
BFD,2019_20,I1,I7.csv,380,0,False,0,0,0,0.0,0.0,0.0
BFE,2019_20,I1,I7.csv,380,0,False,0,0,0,0.0,0.0,0.0
BMGM,2019_20,I1,I7.csv,380,0,False,0,0,0,0.0,0.0,0.0
BV,2019_20,I1,I7.csv,380,0,False,0,0,0,0.0,0.0,0.0
BW,2019_20,I1,I7.csv,380,3,True,380,380,380,100.0,100.0,100.0
CL,2019_20,I1,I7.csv,380,0,False,0,0,0,0.0,0.0,0.0
IW,2019_20,I1,I7.csv,380,3,True,380,380,380,100.0,100.0,100.0
LB,2019_20,I1,I7.csv,380,0,False,0,0,0,0.0,0.0,0.0
PS,2019_20,I1,I7.csv,380,3,True,380,380,380,100.0,100.0,100.0
V,2019_20,I1,I7.csv,380,3,True,380,380,380,100.0,100.0,100.0
VC,2019_20,I1,I7.csv,380,3,True,380,380,380,100.0,100.0,100.0
WH,2019_20,I1,I7.csv,380,3,True,380,380,380,100.0,100.0,100.0
1XB,2019_20,SP1,SP7.csv,380,0,False,0,0,0,0.0,0.0,0.0
B365,2019_20,SP1,SP7.csv,380,3,True,380,380,380,100.0,100.0,100.0
BF,2019_20,SP1,SP7.csv,380,0,False,0,0,0,0.0,0.0,0.0
BFD,2019_20,SP1,SP7.csv,380,0,False,0,0,0,0.0,0.0,0.0
BFE,2019_20,SP1,SP7.csv,380,0,False,0,0,0,0.0,0.0,0.0
BMGM,2019_20,SP1,SP7.csv,380,0,False,0,0,0,0.0,0.0,0.0
BV,2019_20,SP1,SP7.csv,380,0,False,0,0,0,0.0,0.0,0.0
BW,2019_20,SP1,SP7.csv,380,3,True,380,380,380,100.0,100.0,100.0
CL,2019_20,SP1,SP7.csv,380,0,False,0,0,0,0.0,0.0,0.0
IW,2019_20,SP1,SP7.csv,380,3,True,380,380,380,100.0,100.0,100.0
LB,2019_20,SP1,SP7.csv,380,0,False,0,0,0,0.0,0.0,0.0
PS,2019_20,SP1,SP7.csv,380,3,True,380,380,380,100.0,100.0,100.0
V,2019_20,SP1,SP7.csv,380,3,True,380,380,380,100.0,100.0,100.0
VC,2019_20,SP1,SP7.csv,380,3,True,380,380,380,100.0,100.0,100.0
WH,2019_20,SP1,SP7.csv,380,3,True,380,380,380,100.0,100.0,100.0
1XB,2020_21,D1,D6.csv,306,0,False,0,0,0,0.0,0.0,0.0
B365,2020_21,D1,D6.csv,306,3,True,306,306,306,100.0,100.0,100.0
BF,2020_21,D1,D6.csv,306,0,False,0,0,0,0.0,0.0,0.0
BFD,2020_21,D1,D6.csv,306,0,False,0,0,0,0.0,0.0,0.0
BFE,2020_21,D1,D6.csv,306,0,False,0,0,0,0.0,0.0,0.0
BMGM,2020_21,D1,D6.csv,306,0,False,0,0,0,0.0,0.0,0.0
BV,2020_21,D1,D6.csv,306,0,False,0,0,0,0.0,0.0,0.0
BW,2020_21,D1,D6.csv,306,3,True,306,306,306,100.0,100.0,100.0
CL,2020_21,D1,D6.csv,306,0,False,0,0,0,0.0,0.0,0.0
IW,2020_21,D1,D6.csv,306,3,True,306,306,306,100.0,100.0,100.0
LB,2020_21,D1,D6.csv,306,0,False,0,0,0,0.0,0.0,0.0
PS,2020_21,D1,D6.csv,306,3,True,306,306,306,100.0,100.0,100.0
V,2020_21,D1,D6.csv,306,3,True,306,306,306,100.0,100.0,100.0
VC,2020_21,D1,D6.csv,306,3,True,306,306,306,100.0,100.0,100.0
WH,2020_21,D1,D6.csv,306,3,True,306,306,306,100.0,100.0,100.0
1XB,2020_21,E0,E5.csv,380,0,False,0,0,0,0.0,0.0,0.0
B365,2020_21,E0,E5.csv,380,3,True,380,380,380,100.0,100.0,100.0
BF,2020_21,E0,E5.csv,380,0,False,0,0,0,0.0,0.0,0.0
BFD,2020_21,E0,E5.csv,380,0,False,0,0,0,0.0,0.0,0.0
BFE,2020_21,E0,E5.csv,380,0,False,0,0,0,0.0,0.0,0.0
BMGM,2020_21,E0,E5.csv,380,0,False,0,0,0,0.0,0.0,0.0
BV,2020_21,E0,E5.csv,380,0,False,0,0,0,0.0,0.0,0.0
BW,2020_21,E0,E5.csv,380,3,True,380,380,380,100.0,100.0,100.0
CL,2020_21,E0,E5.csv,380,0,False,0,0,0,0.0,0.0,0.0
IW,2020_21,E0,E5.csv,380,3,True,380,380,380,100.0,100.0,100.0
LB,2020_21,E0,E5.csv,380,0,False,0,0,0,0.0,0.0,0.0
PS,2020_21,E0,E5.csv,380,3,True,380,380,380,100.0,100.0,100.0
V,2020_21,E0,E5.csv,380,3,True,380,380,380,100.0,100.0,100.0
VC,2020_21,E0,E5.csv,380,3,True,380,380,380,100.0,100.0,100.0
WH,2020_21,E0,E5.csv,380,3,True,380,380,380,100.0,100.0,100.0
1XB,2020_21,F1,F6.csv,380,0,False,0,0,0,0.0,0.0,0.0
B365,2020_21,F1,F6.csv,380,3,True,379,379,379,99.73684210526316,99.73684210526316,99.73684210526316
BF,2020_21,F1,F6.csv,380,0,False,0,0,0,0.0,0.0,0.0
BFD,2020_21,F1,F6.csv,380,0,False,0,0,0,0.0,0.0,0.0
BFE,2020_21,F1,F6.csv,380,0,False,0,0,0,0.0,0.0,0.0
BMGM,2020_21,F1,F6.csv,380,0,False,0,0,0,0.0,0.0,0.0
BV,2020_21,F1,F6.csv,380,0,False,0,0,0,0.0,0.0,0.0
BW,2020_21,F1,F6.csv,380,3,True,380,380,380,100.0,100.0,100.0
CL,2020_21,F1,F6.csv,380,0,False,0,0,0,0.0,0.0,0.0
IW,2020_21,F1,F6.csv,380,3,True,380,380,380,100.0,100.0,100.0
LB,2020_21,F1,F6.csv,380,0,False,0,0,0,0.0,0.0,0.0
PS,2020_21,F1,F6.csv,380,3,True,380,380,380,100.0,100.0,100.0
V,2020_21,F1,F6.csv,380,3,True,379,379,379,99.73684210526316,99.73684210526316,99.73684210526316
VC,2020_21,F1,F6.csv,380,3,True,380,380,380,100.0,100.0,100.0
WH,2020_21,F1,F6.csv,380,3,True,380,380,380,100.0,100.0,100.0
1XB,2020_21,I1,I6.csv,380,0,False,0,0,0,0.0,0.0,0.0
B365,2020_21,I1,I6.csv,380,3,True,380,380,380,100.0,100.0,100.0
BF,2020_21,I1,I6.csv,380,0,False,0,0,0,0.0,0.0,0.0
BFD,2020_21,I1,I6.csv,380,0,False,0,0,0,0.0,0.0,0.0
BFE,2020_21,I1,I6.csv,380,0,False,0,0,0,0.0,0.0,0.0
BMGM,2020_21,I1,I6.csv,380,0,False,0,0,0,0.0,0.0,0.0
BV,2020_21,I1,I6.csv,380,0,False,0,0,0,0.0,0.0,0.0
BW,2020_21,I1,I6.csv,380,3,True,380,380,380,100.0,100.0,100.0
CL,2020_21,I1,I6.csv,380,0,False,0,0,0,0.0,0.0,0.0
IW,2020_21,I1,I6.csv,380,3,True,380,380,380,100.0,100.0,100.0
LB,2020_21,I1,I6.csv,380,0,False,0,0,0,0.0,0.0,0.0
PS,2020_21,I1,I6.csv,380,3,True,380,380,380,100.0,100.0,100.0
V,2020_21,I1,I6.csv,380,3,True,379,379,379,99.73684210526316,99.73684210526316,99.73684210526316
VC,2020_21,I1,I6.csv,380,3,True,380,380,380,100.0,100.0,100.0
WH,2020_21,I1,I6.csv,380,3,True,380,380,380,100.0,100.0,100.0
1XB,2020_21,SP1,SP6.csv,380,0,False,0,0,0,0.0,0.0,0.0
B365,2020_21,SP1,SP6.csv,380,3,True,380,380,380,100.0,100.0,100.0
BF,2020_21,SP1,SP6.csv,380,0,False,0,0,0,0.0,0.0,0.0
BFD,2020_21,SP1,SP6.csv,380,0,False,0,0,0,0.0,0.0,0.0
BFE,2020_21,SP1,SP6.csv,380,0,False,0,0,0,0.0,0.0,0.0
BMGM,2020_21,SP1,SP6.csv,380,0,False,0,0,0,0.0,0.0,0.0
BV,2020_21,SP1,SP6.csv,380,0,False,0,0,0,0.0,0.0,0.0
BW,2020_21,SP1,SP6.csv,380,3,True,380,380,380,100.0,100.0,100.0
CL,2020_21,SP1,SP6.csv,380,0,False,0,0,0,0.0,0.0,0.0
IW,2020_21,SP1,SP6.csv,380,3,True,380,380,380,100.0,100.0,100.0
LB,2020_21,SP1,SP6.csv,380,0,False,0,0,0,0.0,0.0,0.0
PS,2020_21,SP1,SP6.csv,380,3,True,380,380,380,100.0,100.0,100.0
V,2020_21,SP1,SP6.csv,380,3,True,380,380,380,100.0,100.0,100.0
VC,2020_21,SP1,SP6.csv,380,3,True,380,380,380,100.0,100.0,100.0
WH,2020_21,SP1,SP6.csv,380,3,True,380,380,380,100.0,100.0,100.0
1XB,2021_22,D1,D5.csv,306,0,False,0,0,0,0.0,0.0,0.0
B365,2021_22,D1,D5.csv,306,3,True,306,306,306,100.0,100.0,100.0
BF,2021_22,D1,D5.csv,306,0,False,0,0,0,0.0,0.0,0.0
BFD,2021_22,D1,D5.csv,306,0,False,0,0,0,0.0,0.0,0.0
BFE,2021_22,D1,D5.csv,306,0,False,0,0,0,0.0,0.0,0.0
BMGM,2021_22,D1,D5.csv,306,0,False,0,0,0,0.0,0.0,0.0
BV,2021_22,D1,D5.csv,306,0,False,0,0,0,0.0,0.0,0.0
BW,2021_22,D1,D5.csv,306,3,True,306,306,306,100.0,100.0,100.0
CL,2021_22,D1,D5.csv,306,0,False,0,0,0,0.0,0.0,0.0
IW,2021_22,D1,D5.csv,306,3,True,305,305,305,99.67320261437908,99.67320261437908,99.67320261437908
LB,2021_22,D1,D5.csv,306,0,False,0,0,0,0.0,0.0,0.0
PS,2021_22,D1,D5.csv,306,3,True,306,306,306,100.0,100.0,100.0
V,2021_22,D1,D5.csv,306,3,True,306,306,306,100.0,100.0,100.0
VC,2021_22,D1,D5.csv,306,3,True,306,306,306,100.0,100.0,100.0
WH,2021_22,D1,D5.csv,306,3,True,306,306,306,100.0,100.0,100.0
1XB,2021_22,E0,E4.csv,380,0,False,0,0,0,0.0,0.0,0.0
B365,2021_22,E0,E4.csv,380,3,True,380,380,380,100.0,100.0,100.0
BF,2021_22,E0,E4.csv,380,0,False,0,0,0,0.0,0.0,0.0
BFD,2021_22,E0,E4.csv,380,0,False,0,0,0,0.0,0.0,0.0
BFE,2021_22,E0,E4.csv,380,0,False,0,0,0,0.0,0.0,0.0
BMGM,2021_22,E0,E4.csv,380,0,False,0,0,0,0.0,0.0,0.0
BV,2021_22,E0,E4.csv,380,0,False,0,0,0,0.0,0.0,0.0
BW,2021_22,E0,E4.csv,380,3,True,380,380,380,100.0,100.0,100.0
CL,2021_22,E0,E4.csv,380,0,False,0,0,0,0.0,0.0,0.0
IW,2021_22,E0,E4.csv,380,3,True,377,377,377,99.21052631578948,99.21052631578948,99.21052631578948
LB,2021_22,E0,E4.csv,380,0,False,0,0,0,0.0,0.0,0.0
PS,2021_22,E0,E4.csv,380,3,True,380,380,380,100.0,100.0,100.0
V,2021_22,E0,E4.csv,380,3,True,380,380,380,100.0,100.0,100.0
VC,2021_22,E0,E4.csv,380,3,True,380,380,380,100.0,100.0,100.0
WH,2021_22,E0,E4.csv,380,3,True,380,380,380,100.0,100.0,100.0
1XB,2021_22,F1,F5.csv,380,0,False,0,0,0,0.0,0.0,0.0
B365,2021_22,F1,F5.csv,380,3,True,380,380,380,100.0,100.0,100.0
BF,2021_22,F1,F5.csv,380,0,False,0,0,0,0.0,0.0,0.0
BFD,2021_22,F1,F5.csv,380,0,False,0,0,0,0.0,0.0,0.0
BFE,2021_22,F1,F5.csv,380,0,False,0,0,0,0.0,0.0,0.0
BMGM,2021_22,F1,F5.csv,380,0,False,0,0,0,0.0,0.0,0.0
BV,2021_22,F1,F5.csv,380,0,False,0,0,0,0.0,0.0,0.0
BW,2021_22,F1,F5.csv,380,3,True,380,380,380,100.0,100.0,100.0
CL,2021_22,F1,F5.csv,380,0,False,0,0,0,0.0,0.0,0.0
IW,2021_22,F1,F5.csv,380,3,True,373,373,373,98.15789473684211,98.15789473684211,98.15789473684211
LB,2021_22,F1,F5.csv,380,0,False,0,0,0,0.0,0.0,0.0
PS,2021_22,F1,F5.csv,380,3,True,380,380,380,100.0,100.0,100.0
V,2021_22,F1,F5.csv,380,3,True,380,380,380,100.0,100.0,100.0
VC,2021_22,F1,F5.csv,380,3,True,380,380,380,100.0,100.0,100.0
WH,2021_22,F1,F5.csv,380,3,True,380,380,380,100.0,100.0,100.0
1XB,2021_22,I1,I5.csv,380,0,False,0,0,0,0.0,0.0,0.0
B365,2021_22,I1,I5.csv,380,3,True,380,380,380,100.0,100.0,100.0
BF,2021_22,I1,I5.csv,380,0,False,0,0,0,0.0,0.0,0.0
BFD,2021_22,I1,I5.csv,380,0,False,0,0,0,0.0,0.0,0.0
BFE,2021_22,I1,I5.csv,380,0,False,0,0,0,0.0,0.0,0.0
BMGM,2021_22,I1,I5.csv,380,0,False,0,0,0,0.0,0.0,0.0
BV,2021_22,I1,I5.csv,380,0,False,0,0,0,0.0,0.0,0.0
BW,2021_22,I1,I5.csv,380,3,True,380,380,380,100.0,100.0,100.0
CL,2021_22,I1,I5.csv,380,0,False,0,0,0,0.0,0.0,0.0
IW,2021_22,I1,I5.csv,380,3,True,375,375,375,98.6842105263158,98.6842105263158,98.6842105263158
LB,2021_22,I1,I5.csv,380,0,False,0,0,0,0.0,0.0,0.0
PS,2021_22,I1,I5.csv,380,3,True,380,380,380,100.0,100.0,100.0
V,2021_22,I1,I5.csv,380,3,True,379,379,379,99.73684210526316,99.73684210526316,99.73684210526316
VC,2021_22,I1,I5.csv,380,3,True,380,380,380,100.0,100.0,100.0
WH,2021_22,I1,I5.csv,380,3,True,380,380,380,100.0,100.0,100.0
1XB,2021_22,SP1,SP5.csv,380,0,False,0,0,0,0.0,0.0,0.0
B365,2021_22,SP1,SP5.csv,380,3,True,380,380,380,100.0,100.0,100.0
BF,2021_22,SP1,SP5.csv,380,0,False,0,0,0,0.0,0.0,0.0
BFD,2021_22,SP1,SP5.csv,380,0,False,0,0,0,0.0,0.0,0.0
BFE,2021_22,SP1,SP5.csv,380,0,False,0,0,0,0.0,0.0,0.0
BMGM,2021_22,SP1,SP5.csv,380,0,False,0,0,0,0.0,0.0,0.0
BV,2021_22,SP1,SP5.csv,380,0,False,0,0,0,0.0,0.0,0.0
BW,2021_22,SP1,SP5.csv,380,3,True,380,380,380,100.0,100.0,100.0
CL,2021_22,SP1,SP5.csv,380,0,False,0,0,0,0.0,0.0,0.0
IW,2021_22,SP1,SP5.csv,380,3,True,377,377,377,99.21052631578948,99.21052631578948,99.21052631578948
LB,2021_22,SP1,SP5.csv,380,0,False,0,0,0,0.0,0.0,0.0
PS,2021_22,SP1,SP5.csv,380,3,True,380,380,380,100.0,100.0,100.0
V,2021_22,SP1,SP5.csv,380,3,True,380,380,380,100.0,100.0,100.0
VC,2021_22,SP1,SP5.csv,380,3,True,380,380,380,100.0,100.0,100.0
WH,2021_22,SP1,SP5.csv,380,3,True,380,380,380,100.0,100.0,100.0
1XB,2022_23,D1,D4.csv,306,0,False,0,0,0,0.0,0.0,0.0
B365,2022_23,D1,D4.csv,306,3,True,306,306,306,100.0,100.0,100.0
BF,2022_23,D1,D4.csv,306,0,False,0,0,0,0.0,0.0,0.0
BFD,2022_23,D1,D4.csv,306,0,False,0,0,0,0.0,0.0,0.0
BFE,2022_23,D1,D4.csv,306,0,False,0,0,0,0.0,0.0,0.0
BMGM,2022_23,D1,D4.csv,306,0,False,0,0,0,0.0,0.0,0.0
BV,2022_23,D1,D4.csv,306,0,False,0,0,0,0.0,0.0,0.0
BW,2022_23,D1,D4.csv,306,3,True,306,306,306,100.0,100.0,100.0
CL,2022_23,D1,D4.csv,306,0,False,0,0,0,0.0,0.0,0.0
IW,2022_23,D1,D4.csv,306,3,True,306,306,306,100.0,100.0,100.0
LB,2022_23,D1,D4.csv,306,0,False,0,0,0,0.0,0.0,0.0
PS,2022_23,D1,D4.csv,306,3,True,306,306,306,100.0,100.0,100.0
V,2022_23,D1,D4.csv,306,3,True,306,306,306,100.0,100.0,100.0
VC,2022_23,D1,D4.csv,306,3,True,306,306,306,100.0,100.0,100.0
WH,2022_23,D1,D4.csv,306,3,True,306,306,306,100.0,100.0,100.0
1XB,2022_23,E0,E3.csv,380,0,False,0,0,0,0.0,0.0,0.0
B365,2022_23,E0,E3.csv,380,3,True,380,380,380,100.0,100.0,100.0
BF,2022_23,E0,E3.csv,380,0,False,0,0,0,0.0,0.0,0.0
BFD,2022_23,E0,E3.csv,380,0,False,0,0,0,0.0,0.0,0.0
BFE,2022_23,E0,E3.csv,380,0,False,0,0,0,0.0,0.0,0.0
BMGM,2022_23,E0,E3.csv,380,0,False,0,0,0,0.0,0.0,0.0
BV,2022_23,E0,E3.csv,380,0,False,0,0,0,0.0,0.0,0.0
BW,2022_23,E0,E3.csv,380,3,True,380,380,380,100.0,100.0,100.0
CL,2022_23,E0,E3.csv,380,0,False,0,0,0,0.0,0.0,0.0
IW,2022_23,E0,E3.csv,380,3,True,380,380,380,100.0,100.0,100.0
LB,2022_23,E0,E3.csv,380,0,False,0,0,0,0.0,0.0,0.0
PS,2022_23,E0,E3.csv,380,3,True,380,380,380,100.0,100.0,100.0
V,2022_23,E0,E3.csv,380,3,True,380,380,380,100.0,100.0,100.0
VC,2022_23,E0,E3.csv,380,3,True,380,380,380,100.0,100.0,100.0
WH,2022_23,E0,E3.csv,380,3,True,380,380,380,100.0,100.0,100.0
1XB,2022_23,F1,F4.csv,380,0,False,0,0,0,0.0,0.0,0.0
B365,2022_23,F1,F4.csv,380,3,True,380,380,380,100.0,100.0,100.0
BF,2022_23,F1,F4.csv,380,0,False,0,0,0,0.0,0.0,0.0
BFD,2022_23,F1,F4.csv,380,0,False,0,0,0,0.0,0.0,0.0
BFE,2022_23,F1,F4.csv,380,0,False,0,0,0,0.0,0.0,0.0
BMGM,2022_23,F1,F4.csv,380,0,False,0,0,0,0.0,0.0,0.0
BV,2022_23,F1,F4.csv,380,0,False,0,0,0,0.0,0.0,0.0
BW,2022_23,F1,F4.csv,380,3,True,380,380,380,100.0,100.0,100.0
CL,2022_23,F1,F4.csv,380,0,False,0,0,0,0.0,0.0,0.0
IW,2022_23,F1,F4.csv,380,3,True,380,380,380,100.0,100.0,100.0
LB,2022_23,F1,F4.csv,380,0,False,0,0,0,0.0,0.0,0.0
PS,2022_23,F1,F4.csv,380,3,True,380,380,380,100.0,100.0,100.0
V,2022_23,F1,F4.csv,380,3,True,379,379,379,99.73684210526316,99.73684210526316,99.73684210526316
VC,2022_23,F1,F4.csv,380,3,True,380,380,380,100.0,100.0,100.0
WH,2022_23,F1,F4.csv,380,3,True,379,379,379,99.73684210526316,99.73684210526316,99.73684210526316
1XB,2022_23,I1,I4.csv,380,0,False,0,0,0,0.0,0.0,0.0
B365,2022_23,I1,I4.csv,380,3,True,380,380,380,100.0,100.0,100.0
BF,2022_23,I1,I4.csv,380,0,False,0,0,0,0.0,0.0,0.0
BFD,2022_23,I1,I4.csv,380,0,False,0,0,0,0.0,0.0,0.0
BFE,2022_23,I1,I4.csv,380,0,False,0,0,0,0.0,0.0,0.0
BMGM,2022_23,I1,I4.csv,380,0,False,0,0,0,0.0,0.0,0.0
BV,2022_23,I1,I4.csv,380,0,False,0,0,0,0.0,0.0,0.0
BW,2022_23,I1,I4.csv,380,3,True,380,380,380,100.0,100.0,100.0
CL,2022_23,I1,I4.csv,380,0,False,0,0,0,0.0,0.0,0.0
IW,2022_23,I1,I4.csv,380,3,True,380,380,380,100.0,100.0,100.0
LB,2022_23,I1,I4.csv,380,0,False,0,0,0,0.0,0.0,0.0
PS,2022_23,I1,I4.csv,380,3,True,380,380,380,100.0,100.0,100.0
V,2022_23,I1,I4.csv,380,3,True,380,380,380,100.0,100.0,100.0
VC,2022_23,I1,I4.csv,380,3,True,380,380,380,100.0,100.0,100.0
WH,2022_23,I1,I4.csv,380,3,True,380,380,380,100.0,100.0,100.0
1XB,2022_23,SP1,SP4.csv,380,0,False,0,0,0,0.0,0.0,0.0
B365,2022_23,SP1,SP4.csv,380,3,True,380,380,380,100.0,100.0,100.0
BF,2022_23,SP1,SP4.csv,380,0,False,0,0,0,0.0,0.0,0.0
BFD,2022_23,SP1,SP4.csv,380,0,False,0,0,0,0.0,0.0,0.0
BFE,2022_23,SP1,SP4.csv,380,0,False,0,0,0,0.0,0.0,0.0
BMGM,2022_23,SP1,SP4.csv,380,0,False,0,0,0,0.0,0.0,0.0
BV,2022_23,SP1,SP4.csv,380,0,False,0,0,0,0.0,0.0,0.0
BW,2022_23,SP1,SP4.csv,380,3,True,380,380,380,100.0,100.0,100.0
CL,2022_23,SP1,SP4.csv,380,0,False,0,0,0,0.0,0.0,0.0
IW,2022_23,SP1,SP4.csv,380,3,True,380,380,380,100.0,100.0,100.0
LB,2022_23,SP1,SP4.csv,380,0,False,0,0,0,0.0,0.0,0.0
PS,2022_23,SP1,SP4.csv,380,3,True,380,380,380,100.0,100.0,100.0
V,2022_23,SP1,SP4.csv,380,3,True,380,380,380,100.0,100.0,100.0
VC,2022_23,SP1,SP4.csv,380,3,True,380,380,380,100.0,100.0,100.0
WH,2022_23,SP1,SP4.csv,380,3,True,380,380,380,100.0,100.0,100.0
1XB,2023_24,D1,D3.csv,306,0,False,0,0,0,0.0,0.0,0.0
B365,2023_24,D1,D3.csv,306,3,True,306,306,306,100.0,100.0,100.0
BF,2023_24,D1,D3.csv,306,0,False,0,0,0,0.0,0.0,0.0
BFD,2023_24,D1,D3.csv,306,0,False,0,0,0,0.0,0.0,0.0
BFE,2023_24,D1,D3.csv,306,0,False,0,0,0,0.0,0.0,0.0
BMGM,2023_24,D1,D3.csv,306,0,False,0,0,0,0.0,0.0,0.0
BV,2023_24,D1,D3.csv,306,0,False,0,0,0,0.0,0.0,0.0
BW,2023_24,D1,D3.csv,306,3,True,297,297,297,97.05882352941177,97.05882352941177,97.05882352941177
CL,2023_24,D1,D3.csv,306,0,False,0,0,0,0.0,0.0,0.0
IW,2023_24,D1,D3.csv,306,3,True,143,143,143,46.73202614379085,46.73202614379085,46.73202614379085
LB,2023_24,D1,D3.csv,306,0,False,0,0,0,0.0,0.0,0.0
PS,2023_24,D1,D3.csv,306,3,True,306,306,306,100.0,100.0,100.0
V,2023_24,D1,D3.csv,306,3,True,306,306,306,100.0,100.0,100.0
VC,2023_24,D1,D3.csv,306,3,True,306,306,306,100.0,100.0,100.0
WH,2023_24,D1,D3.csv,306,3,True,306,306,306,100.0,100.0,100.0
1XB,2023_24,E0,E2.csv,380,0,False,0,0,0,0.0,0.0,0.0
B365,2023_24,E0,E2.csv,380,3,True,380,380,380,100.0,100.0,100.0
BF,2023_24,E0,E2.csv,380,0,False,0,0,0,0.0,0.0,0.0
BFD,2023_24,E0,E2.csv,380,0,False,0,0,0,0.0,0.0,0.0
BFE,2023_24,E0,E2.csv,380,0,False,0,0,0,0.0,0.0,0.0
BMGM,2023_24,E0,E2.csv,380,0,False,0,0,0,0.0,0.0,0.0
BV,2023_24,E0,E2.csv,380,0,False,0,0,0,0.0,0.0,0.0
BW,2023_24,E0,E2.csv,380,3,True,368,368,368,96.84210526315789,96.84210526315789,96.84210526315789
CL,2023_24,E0,E2.csv,380,0,False,0,0,0,0.0,0.0,0.0
IW,2023_24,E0,E2.csv,380,3,True,198,198,198,52.10526315789474,52.10526315789474,52.10526315789474
LB,2023_24,E0,E2.csv,380,0,False,0,0,0,0.0,0.0,0.0
PS,2023_24,E0,E2.csv,380,3,True,380,380,380,100.0,100.0,100.0
V,2023_24,E0,E2.csv,380,3,True,380,380,380,100.0,100.0,100.0
VC,2023_24,E0,E2.csv,380,3,True,380,380,380,100.0,100.0,100.0
WH,2023_24,E0,E2.csv,380,3,True,380,380,380,100.0,100.0,100.0
1XB,2023_24,F1,F3.csv,306,0,False,0,0,0,0.0,0.0,0.0
B365,2023_24,F1,F3.csv,306,3,True,306,306,306,100.0,100.0,100.0
BF,2023_24,F1,F3.csv,306,0,False,0,0,0,0.0,0.0,0.0
BFD,2023_24,F1,F3.csv,306,0,False,0,0,0,0.0,0.0,0.0
BFE,2023_24,F1,F3.csv,306,0,False,0,0,0,0.0,0.0,0.0
BMGM,2023_24,F1,F3.csv,306,0,False,0,0,0,0.0,0.0,0.0
BV,2023_24,F1,F3.csv,306,0,False,0,0,0,0.0,0.0,0.0
BW,2023_24,F1,F3.csv,306,3,True,297,297,297,97.05882352941177,97.05882352941177,97.05882352941177
CL,2023_24,F1,F3.csv,306,0,False,0,0,0,0.0,0.0,0.0
IW,2023_24,F1,F3.csv,306,3,True,153,153,153,50.0,50.0,50.0
LB,2023_24,F1,F3.csv,306,0,False,0,0,0,0.0,0.0,0.0
PS,2023_24,F1,F3.csv,306,3,True,306,306,306,100.0,100.0,100.0
V,2023_24,F1,F3.csv,306,3,True,306,306,306,100.0,100.0,100.0
VC,2023_24,F1,F3.csv,306,3,True,306,306,306,100.0,100.0,100.0
WH,2023_24,F1,F3.csv,306,3,True,306,306,306,100.0,100.0,100.0
1XB,2023_24,I1,I3.csv,380,0,False,0,0,0,0.0,0.0,0.0
B365,2023_24,I1,I3.csv,380,3,True,380,380,380,100.0,100.0,100.0
BF,2023_24,I1,I3.csv,380,0,False,0,0,0,0.0,0.0,0.0
BFD,2023_24,I1,I3.csv,380,0,False,0,0,0,0.0,0.0,0.0
BFE,2023_24,I1,I3.csv,380,0,False,0,0,0,0.0,0.0,0.0
BMGM,2023_24,I1,I3.csv,380,0,False,0,0,0,0.0,0.0,0.0
BV,2023_24,I1,I3.csv,380,0,False,0,0,0,0.0,0.0,0.0
BW,2023_24,I1,I3.csv,380,3,True,372,372,372,97.89473684210526,97.89473684210526,97.89473684210526
CL,2023_24,I1,I3.csv,380,0,False,0,0,0,0.0,0.0,0.0
IW,2023_24,I1,I3.csv,380,3,True,180,180,180,47.36842105263158,47.36842105263158,47.36842105263158
LB,2023_24,I1,I3.csv,380,0,False,0,0,0,0.0,0.0,0.0
PS,2023_24,I1,I3.csv,380,3,True,380,380,380,100.0,100.0,100.0
V,2023_24,I1,I3.csv,380,3,True,380,380,380,100.0,100.0,100.0
VC,2023_24,I1,I3.csv,380,3,True,380,380,380,100.0,100.0,100.0
WH,2023_24,I1,I3.csv,380,3,True,380,380,380,100.0,100.0,100.0
1XB,2023_24,SP1,SP3.csv,380,0,False,0,0,0,0.0,0.0,0.0
B365,2023_24,SP1,SP3.csv,380,3,True,380,380,380,100.0,100.0,100.0
BF,2023_24,SP1,SP3.csv,380,0,False,0,0,0,0.0,0.0,0.0
BFD,2023_24,SP1,SP3.csv,380,0,False,0,0,0,0.0,0.0,0.0
BFE,2023_24,SP1,SP3.csv,380,0,False,0,0,0,0.0,0.0,0.0
BMGM,2023_24,SP1,SP3.csv,380,0,False,0,0,0,0.0,0.0,0.0
BV,2023_24,SP1,SP3.csv,380,0,False,0,0,0,0.0,0.0,0.0
BW,2023_24,SP1,SP3.csv,380,3,True,372,372,372,97.89473684210526,97.89473684210526,97.89473684210526
CL,2023_24,SP1,SP3.csv,380,0,False,0,0,0,0.0,0.0,0.0
IW,2023_24,SP1,SP3.csv,380,3,True,187,187,187,49.21052631578947,49.21052631578947,49.21052631578947
LB,2023_24,SP1,SP3.csv,380,0,False,0,0,0,0.0,0.0,0.0
PS,2023_24,SP1,SP3.csv,380,3,True,380,380,380,100.0,100.0,100.0
V,2023_24,SP1,SP3.csv,380,3,True,380,380,380,100.0,100.0,100.0
VC,2023_24,SP1,SP3.csv,380,3,True,380,380,380,100.0,100.0,100.0
WH,2023_24,SP1,SP3.csv,380,3,True,380,380,380,100.0,100.0,100.0
1XB,2024_25,D1,D2.csv,306,3,True,306,306,306,100.0,100.0,100.0
B365,2024_25,D1,D2.csv,306,3,True,306,306,306,100.0,100.0,100.0
BF,2024_25,D1,D2.csv,306,3,True,306,306,306,100.0,100.0,100.0
BFD,2024_25,D1,D2.csv,306,0,False,0,0,0,0.0,0.0,0.0
BFE,2024_25,D1,D2.csv,306,3,True,306,306,306,100.0,100.0,100.0
BMGM,2024_25,D1,D2.csv,306,0,False,0,0,0,0.0,0.0,0.0
BV,2024_25,D1,D2.csv,306,0,False,0,0,0,0.0,0.0,0.0
BW,2024_25,D1,D2.csv,306,3,True,189,189,189,61.76470588235294,61.76470588235294,61.76470588235294
CL,2024_25,D1,D2.csv,306,0,False,0,0,0,0.0,0.0,0.0
IW,2024_25,D1,D2.csv,306,0,False,0,0,0,0.0,0.0,0.0
LB,2024_25,D1,D2.csv,306,0,False,0,0,0,0.0,0.0,0.0
PS,2024_25,D1,D2.csv,306,3,True,306,306,306,100.0,100.0,100.0
V,2024_25,D1,D2.csv,306,0,False,0,0,0,0.0,0.0,0.0
VC,2024_25,D1,D2.csv,306,0,False,0,0,0,0.0,0.0,0.0
WH,2024_25,D1,D2.csv,306,3,True,234,234,234,76.47058823529412,76.47058823529412,76.47058823529412
1XB,2024_25,E0,E1.csv,380,3,True,380,380,380,100.0,100.0,100.0
B365,2024_25,E0,E1.csv,380,3,True,380,380,380,100.0,100.0,100.0
BF,2024_25,E0,E1.csv,380,3,True,380,380,380,100.0,100.0,100.0
BFD,2024_25,E0,E1.csv,380,0,False,0,0,0,0.0,0.0,0.0
BFE,2024_25,E0,E1.csv,380,3,True,380,380,380,100.0,100.0,100.0
BMGM,2024_25,E0,E1.csv,380,0,False,0,0,0,0.0,0.0,0.0
BV,2024_25,E0,E1.csv,380,0,False,0,0,0,0.0,0.0,0.0
BW,2024_25,E0,E1.csv,380,3,True,239,239,239,62.89473684210526,62.89473684210526,62.89473684210526
CL,2024_25,E0,E1.csv,380,0,False,0,0,0,0.0,0.0,0.0
IW,2024_25,E0,E1.csv,380,0,False,0,0,0,0.0,0.0,0.0
LB,2024_25,E0,E1.csv,380,0,False,0,0,0,0.0,0.0,0.0
PS,2024_25,E0,E1.csv,380,3,True,380,380,380,100.0,100.0,100.0
V,2024_25,E0,E1.csv,380,0,False,0,0,0,0.0,0.0,0.0
VC,2024_25,E0,E1.csv,380,0,False,0,0,0,0.0,0.0,0.0
WH,2024_25,E0,E1.csv,380,3,True,289,289,289,76.05263157894737,76.05263157894737,76.05263157894737
1XB,2024_25,F1,F2.csv,306,3,True,306,306,306,100.0,100.0,100.0
B365,2024_25,F1,F2.csv,306,3,True,306,306,306,100.0,100.0,100.0
BF,2024_25,F1,F2.csv,306,3,True,306,306,306,100.0,100.0,100.0
BFD,2024_25,F1,F2.csv,306,0,False,0,0,0,0.0,0.0,0.0
BFE,2024_25,F1,F2.csv,306,3,True,306,306,305,100.0,100.0,99.67320261437908
BMGM,2024_25,F1,F2.csv,306,0,False,0,0,0,0.0,0.0,0.0
BV,2024_25,F1,F2.csv,306,0,False,0,0,0,0.0,0.0,0.0
BW,2024_25,F1,F2.csv,306,3,True,189,189,189,61.76470588235294,61.76470588235294,61.76470588235294
CL,2024_25,F1,F2.csv,306,0,False,0,0,0,0.0,0.0,0.0
IW,2024_25,F1,F2.csv,306,0,False,0,0,0,0.0,0.0,0.0
LB,2024_25,F1,F2.csv,306,0,False,0,0,0,0.0,0.0,0.0
PS,2024_25,F1,F2.csv,306,3,True,306,306,306,100.0,100.0,100.0
V,2024_25,F1,F2.csv,306,0,False,0,0,0,0.0,0.0,0.0
VC,2024_25,F1,F2.csv,306,0,False,0,0,0,0.0,0.0,0.0
WH,2024_25,F1,F2.csv,306,3,True,234,234,234,76.47058823529412,76.47058823529412,76.47058823529412
1XB,2024_25,I1,I2.csv,380,3,True,380,380,380,100.0,100.0,100.0
B365,2024_25,I1,I2.csv,380,3,True,380,380,380,100.0,100.0,100.0
BF,2024_25,I1,I2.csv,380,3,True,380,380,380,100.0,100.0,100.0
BFD,2024_25,I1,I2.csv,380,0,False,0,0,0,0.0,0.0,0.0
BFE,2024_25,I1,I2.csv,380,3,True,380,380,380,100.0,100.0,100.0
BMGM,2024_25,I1,I2.csv,380,0,False,0,0,0,0.0,0.0,0.0
BV,2024_25,I1,I2.csv,380,0,False,0,0,0,0.0,0.0,0.0
BW,2024_25,I1,I2.csv,380,3,True,238,238,238,62.63157894736842,62.63157894736842,62.63157894736842
CL,2024_25,I1,I2.csv,380,0,False,0,0,0,0.0,0.0,0.0
IW,2024_25,I1,I2.csv,380,0,False,0,0,0,0.0,0.0,0.0
LB,2024_25,I1,I2.csv,380,0,False,0,0,0,0.0,0.0,0.0
PS,2024_25,I1,I2.csv,380,3,True,380,380,380,100.0,100.0,100.0
V,2024_25,I1,I2.csv,380,0,False,0,0,0,0.0,0.0,0.0
VC,2024_25,I1,I2.csv,380,0,False,0,0,0,0.0,0.0,0.0
WH,2024_25,I1,I2.csv,380,3,True,290,290,290,76.3157894736842,76.3157894736842,76.3157894736842
1XB,2024_25,SP1,SP2.csv,380,3,True,380,380,380,100.0,100.0,100.0
B365,2024_25,SP1,SP2.csv,380,3,True,380,380,380,100.0,100.0,100.0
BF,2024_25,SP1,SP2.csv,380,3,True,380,380,380,100.0,100.0,100.0
BFD,2024_25,SP1,SP2.csv,380,0,False,0,0,0,0.0,0.0,0.0
BFE,2024_25,SP1,SP2.csv,380,3,True,380,380,380,100.0,100.0,100.0
BMGM,2024_25,SP1,SP2.csv,380,0,False,0,0,0,0.0,0.0,0.0
BV,2024_25,SP1,SP2.csv,380,0,False,0,0,0,0.0,0.0,0.0
BW,2024_25,SP1,SP2.csv,380,3,True,229,229,229,60.26315789473684,60.26315789473684,60.26315789473684
CL,2024_25,SP1,SP2.csv,380,0,False,0,0,0,0.0,0.0,0.0
IW,2024_25,SP1,SP2.csv,380,0,False,0,0,0,0.0,0.0,0.0
LB,2024_25,SP1,SP2.csv,380,0,False,0,0,0,0.0,0.0,0.0
PS,2024_25,SP1,SP2.csv,380,3,True,380,380,380,100.0,100.0,100.0
V,2024_25,SP1,SP2.csv,380,0,False,0,0,0,0.0,0.0,0.0
VC,2024_25,SP1,SP2.csv,380,0,False,0,0,0,0.0,0.0,0.0
WH,2024_25,SP1,SP2.csv,380,3,True,278,278,278,73.15789473684211,73.15789473684211,73.15789473684211
1XB,2025_26,D1,D1.csv,306,0,False,0,0,0,0.0,0.0,0.0
B365,2025_26,D1,D1.csv,306,3,True,306,306,306,100.0,100.0,100.0
BF,2025_26,D1,D1.csv,306,0,False,0,0,0,0.0,0.0,0.0
BFD,2025_26,D1,D1.csv,306,3,True,298,298,298,97.38562091503267,97.38562091503267,97.38562091503267
BFE,2025_26,D1,D1.csv,306,3,True,288,288,288,94.11764705882354,94.11764705882354,94.11764705882354
BMGM,2025_26,D1,D1.csv,306,3,True,306,306,306,100.0,100.0,100.0
BV,2025_26,D1,D1.csv,306,3,True,298,298,298,97.38562091503267,97.38562091503267,97.38562091503267
BW,2025_26,D1,D1.csv,306,3,True,306,306,306,100.0,100.0,100.0
CL,2025_26,D1,D1.csv,306,3,True,213,213,213,69.6078431372549,69.6078431372549,69.6078431372549
IW,2025_26,D1,D1.csv,306,0,False,0,0,0,0.0,0.0,0.0
LB,2025_26,D1,D1.csv,306,3,True,225,225,225,73.52941176470588,73.52941176470588,73.52941176470588
PS,2025_26,D1,D1.csv,306,3,True,149,149,149,48.69281045751634,48.69281045751634,48.69281045751634
V,2025_26,D1,D1.csv,306,0,False,0,0,0,0.0,0.0,0.0
VC,2025_26,D1,D1.csv,306,0,False,0,0,0,0.0,0.0,0.0
WH,2025_26,D1,D1.csv,306,0,False,0,0,0,0.0,0.0,0.0
1XB,2025_26,E0,E0.csv,380,0,False,0,0,0,0.0,0.0,0.0
B365,2025_26,E0,E0.csv,380,3,True,380,380,380,100.0,100.0,100.0
BF,2025_26,E0,E0.csv,380,0,False,0,0,0,0.0,0.0,0.0
BFD,2025_26,E0,E0.csv,380,3,True,372,372,372,97.89473684210526,97.89473684210526,97.89473684210526
BFE,2025_26,E0,E0.csv,380,3,True,358,358,358,94.21052631578948,94.21052631578948,94.21052631578948
BMGM,2025_26,E0,E0.csv,380,3,True,380,380,380,100.0,100.0,100.0
BV,2025_26,E0,E0.csv,380,3,True,372,372,372,97.89473684210526,97.89473684210526,97.89473684210526
BW,2025_26,E0,E0.csv,380,3,True,380,380,380,100.0,100.0,100.0
CL,2025_26,E0,E0.csv,380,3,True,260,260,260,68.42105263157895,68.42105263157895,68.42105263157895
IW,2025_26,E0,E0.csv,380,0,False,0,0,0,0.0,0.0,0.0
LB,2025_26,E0,E0.csv,380,3,True,281,281,281,73.94736842105263,73.94736842105263,73.94736842105263
PS,2025_26,E0,E0.csv,380,3,True,210,210,210,55.26315789473684,55.26315789473684,55.26315789473684
V,2025_26,E0,E0.csv,380,0,False,0,0,0,0.0,0.0,0.0
VC,2025_26,E0,E0.csv,380,0,False,0,0,0,0.0,0.0,0.0
WH,2025_26,E0,E0.csv,380,0,False,0,0,0,0.0,0.0,0.0
1XB,2025_26,F1,F1.csv,306,0,False,0,0,0,0.0,0.0,0.0
B365,2025_26,F1,F1.csv,306,3,True,306,306,306,100.0,100.0,100.0
BF,2025_26,F1,F1.csv,306,0,False,0,0,0,0.0,0.0,0.0
BFD,2025_26,F1,F1.csv,306,3,True,302,302,302,98.69281045751634,98.69281045751634,98.69281045751634
BFE,2025_26,F1,F1.csv,306,3,True,287,287,287,93.79084967320262,93.79084967320262,93.79084967320262
BMGM,2025_26,F1,F1.csv,306,3,True,306,306,306,100.0,100.0,100.0
BV,2025_26,F1,F1.csv,306,3,True,302,302,302,98.69281045751634,98.69281045751634,98.69281045751634
BW,2025_26,F1,F1.csv,306,3,True,306,306,306,100.0,100.0,100.0
CL,2025_26,F1,F1.csv,306,3,True,214,214,214,69.93464052287581,69.93464052287581,69.93464052287581
IW,2025_26,F1,F1.csv,306,0,False,0,0,0,0.0,0.0,0.0
LB,2025_26,F1,F1.csv,306,3,True,223,223,223,72.87581699346406,72.87581699346406,72.87581699346406
PS,2025_26,F1,F1.csv,306,3,True,153,153,153,50.0,50.0,50.0
V,2025_26,F1,F1.csv,306,0,False,0,0,0,0.0,0.0,0.0
VC,2025_26,F1,F1.csv,306,0,False,0,0,0,0.0,0.0,0.0
WH,2025_26,F1,F1.csv,306,0,False,0,0,0,0.0,0.0,0.0
1XB,2025_26,I1,I1.csv,380,0,False,0,0,0,0.0,0.0,0.0
B365,2025_26,I1,I1.csv,380,3,True,380,380,380,100.0,100.0,100.0
BF,2025_26,I1,I1.csv,380,0,False,0,0,0,0.0,0.0,0.0
BFD,2025_26,I1,I1.csv,380,3,True,375,375,375,98.6842105263158,98.6842105263158,98.6842105263158
BFE,2025_26,I1,I1.csv,380,3,True,359,359,359,94.47368421052632,94.47368421052632,94.47368421052632
BMGM,2025_26,I1,I1.csv,380,3,True,380,380,380,100.0,100.0,100.0
BV,2025_26,I1,I1.csv,380,3,True,369,369,369,97.10526315789474,97.10526315789474,97.10526315789474
BW,2025_26,I1,I1.csv,380,3,True,380,380,380,100.0,100.0,100.0
CL,2025_26,I1,I1.csv,380,3,True,263,263,263,69.21052631578948,69.21052631578948,69.21052631578948
IW,2025_26,I1,I1.csv,380,0,False,0,0,0,0.0,0.0,0.0
LB,2025_26,I1,I1.csv,380,3,True,284,284,284,74.73684210526316,74.73684210526316,74.73684210526316
PS,2025_26,I1,I1.csv,380,3,True,198,198,198,52.10526315789474,52.10526315789474,52.10526315789474
V,2025_26,I1,I1.csv,380,0,False,0,0,0,0.0,0.0,0.0
VC,2025_26,I1,I1.csv,380,0,False,0,0,0,0.0,0.0,0.0
WH,2025_26,I1,I1.csv,380,0,False,0,0,0,0.0,0.0,0.0
1XB,2025_26,SP1,SP1.csv,380,0,False,0,0,0,0.0,0.0,0.0
B365,2025_26,SP1,SP1.csv,380,3,True,380,380,380,100.0,100.0,100.0
BF,2025_26,SP1,SP1.csv,380,0,False,0,0,0,0.0,0.0,0.0
BFD,2025_26,SP1,SP1.csv,380,3,True,373,373,373,98.15789473684211,98.15789473684211,98.15789473684211
BFE,2025_26,SP1,SP1.csv,380,3,True,349,349,349,91.84210526315789,91.84210526315789,91.84210526315789
BMGM,2025_26,SP1,SP1.csv,380,3,True,379,379,379,99.73684210526316,99.73684210526316,99.73684210526316
BV,2025_26,SP1,SP1.csv,380,3,True,372,372,372,97.89473684210526,97.89473684210526,97.89473684210526
BW,2025_26,SP1,SP1.csv,380,3,True,379,379,379,99.73684210526316,99.73684210526316,99.73684210526316
CL,2025_26,SP1,SP1.csv,380,3,True,278,278,278,73.15789473684211,73.15789473684211,73.15789473684211
IW,2025_26,SP1,SP1.csv,380,0,False,0,0,0,0.0,0.0,0.0
LB,2025_26,SP1,SP1.csv,380,3,True,297,297,297,78.15789473684211,78.15789473684211,78.15789473684211
PS,2025_26,SP1,SP1.csv,380,3,True,188,188,188,49.473684210526315,49.473684210526315,49.473684210526315
V,2025_26,SP1,SP1.csv,380,0,False,0,0,0,0.0,0.0,0.0
VC,2025_26,SP1,SP1.csv,380,0,False,0,0,0,0.0,0.0,0.0
WH,2025_26,SP1,SP1.csv,380,0,False,0,0,0,0.0,0.0,0.0
